SET SQL_MODE="NO_AUTO_VALUE_ON_ZERO";
SET time_zone = "+00:00";


/*!40101 SET @OLD_CHARACTER_SET_CLIENT=@@CHARACTER_SET_CLIENT */;
/*!40101 SET @OLD_CHARACTER_SET_RESULTS=@@CHARACTER_SET_RESULTS */;
/*!40101 SET @OLD_COLLATION_CONNECTION=@@COLLATION_CONNECTION */;
/*!40101 SET NAMES utf8 */;

--
-- Base de datos: `patitofeo`
--

-- --------------------------------------------------------

--
-- Estructura de tabla para la tabla `cuentas`
--

CREATE TABLE IF NOT EXISTS `cuentas` (
  `id_cuenta` int(20) unsigned NOT NULL AUTO_INCREMENT,
  `login` varchar(30) NOT NULL,
  `password` varchar(8) NOT NULL,
  `familia` int(20) NOT NULL,
  PRIMARY KEY (`id_cuenta`),
  UNIQUE KEY `id_cuenta` (`id_cuenta`),
  KEY `FOREIGN` (`familia`)
) ENGINE=InnoDB  DEFAULT CHARSET=latin1 AUTO_INCREMENT=3 ;

--
-- Volcado de datos para la tabla `cuentas`
--

INSERT INTO `cuentas` (`id_cuenta`, `login`, `password`, `familia`) VALUES
(1, 'family1', '11111111', 1),
(2, 'family2', '22222222', 2);

-- --------------------------------------------------------

--
-- Estructura de tabla para la tabla `familias`
--

CREATE TABLE IF NOT EXISTS `familias` (
  `id_familia` int(20) unsigned NOT NULL AUTO_INCREMENT,
  `padre` varchar(100) NOT NULL,
  `madre` varchar(100) NOT NULL,
  `direccion` varchar(100) NOT NULL,
  `tf1` varchar(100) NOT NULL,
  `tf2` varchar(100) NOT NULL,
  `email` varchar(50) NOT NULL,
  PRIMARY KEY (`id_familia`),
  UNIQUE KEY `id_familia` (`id_familia`)
) ENGINE=InnoDB  DEFAULT CHARSET=latin1 AUTO_INCREMENT=3 ;

--
-- Volcado de datos para la tabla `familias`
--

INSERT INTO `familias` (`id_familia`, `padre`, `madre`, `direccion`, `tf1`, `tf2`, `email`) VALUES
(1, 'García Prieto, Luis', 'Sánchez Silva, María', 'Calle Gabilondo, 23 1ºA - 47007 - Valladolid', '983111222', '606222333', 'luisprieto@gmail.com'),
(2, 'Campos Verdes, Juan', 'Blanco Gutiérrez, Ana', 'Paseo Zorrilla, 100 7ºG - 47008 - Valladolid', '983444555', '610000111', 'anablanco@hotmail.com');

-- --------------------------------------------------------

--
-- Estructura de tabla para la tabla `items`
--

CREATE TABLE IF NOT EXISTS `items` (
  `id_item` int(20) unsigned NOT NULL AUTO_INCREMENT,
  `fecha` date NOT NULL,
  `tipo` int(11) NOT NULL COMMENT '1-COMIDA; 2-DEPOSICIONES; 3-DESCANSO; 4-OBSERVACIONES; 5-AUTORIZACIONES',
  `descripcion` varchar(100) NOT NULL,
  `id_niño` int(20) NOT NULL,
  PRIMARY KEY (`id_item`),
  UNIQUE KEY `id_item` (`id_item`),
  KEY `FOREIGN` (`id_niño`)
) ENGINE=InnoDB  DEFAULT CHARSET=latin1 AUTO_INCREMENT=9 ;

--
-- Volcado de datos para la tabla `items`
--

INSERT INTO `items` (`id_item`, `fecha`, `tipo`, `descripcion`, `id_niño`) VALUES
(1, '2014-11-02', 1, 'Verdura y Pollo. Muy bien.', 1),
(2, '2014-11-02', 2, 'Pis y caca una vez.', 1),
(3, '2014-11-02', 4, 'Venir mañana con chandal.', 0),
(4, '2014-11-02', 4, 'Venir mañana con chandal.', 1),
(5, '2014-11-02', 1, 'Pasta y pescado. Ha comido poco pescado', 2),
(6, '2014-11-02', 2, 'Pis', 2),
(7, '2014-11-02', 3, 'Ha dormido 1 h. de siesta', 2),
(8, '2014-11-02', 5, 'Irá a recogerle la abuela.', 2);

-- --------------------------------------------------------

--
-- Estructura de tabla para la tabla `niños`
--

CREATE TABLE IF NOT EXISTS `niños` (
  `id_niño` int(20) unsigned NOT NULL AUTO_INCREMENT,
  `nombre` varchar(100) NOT NULL,
  `foto` blob NOT NULL,
  `fecha_nac` date NOT NULL,
  `familia` int(20) NOT NULL,
  PRIMARY KEY (`id_niño`),
  UNIQUE KEY `id_niño` (`id_niño`),
  KEY `FOREIGN` (`familia`)
) ENGINE=InnoDB  DEFAULT CHARSET=latin1 AUTO_INCREMENT=3 ;

--
-- Volcado de datos para la tabla `niños`
--

INSERT INTO `niños` (`id_niño`, `nombre`, `foto`, `fecha_nac`, `familia`) VALUES
(1, 'Carlitos', 0xffd8ffe000104a46494600010100000100010000ffdb0084000906070f10100d0f0f0f0d0d0f0f0f0c0f0d0d0d0f0f0d0c0d0d1411161614111414181c2820181a251b141421312225292b2e2e2e171f3338332d37282d2e2b010a0a0a0e0d0e181010172c1c1c1c2c2c2c2c2c2c2c2c2c2c2c2c2c2c2c2c2c2c2c2c2c2c2c2c2c2c372c2c2c372c2c2c2c2c2c2c372c2c2c2b372c2c2c2c2c2cffc000110800aa00f003011100021101031101ffc4001b00000203010101000000000000000000000001020304050607ffc400351000020201020502040406010500000000000102110304120521314151226113327191065281c1426272a1b1d1e11415235382ffc4001b01010100030101010000000000000000000001020306050407ffc40029110100020202030000060203010000000000011102030405122131132241425161142306323371ffda000c03010002110311003f009b3a5716450821008310509803654208080604421a416925024e710cf1d7965f21a7070ccd3e71c7924bca8ba3565c9d71f65f463c3dd3fb6da3fec1aaff00d32fec6bff003357f2dd1d76f9fdaae7c1750973c53fb596397ae7f7319ebf7c7d863cba6947e68b8bf0d346ec76e197c97cd968cf1fb8aa71364344c49168b012c152ca829500000000500500c235b353e82284100426542b084ca1042600400138636c994c63f59e184e534f49c23f0bcf254f3378a1d957fe497e9d8f3791ce8c3e3dbe275739d4e7ea1e865a6d3e971cf2471c7d116f74bd52e5eecf236f2f3cff0057bfa383af5c7c7998c389ea97c686a238612bf870b6b97d123e59d92faf1c223e429c9aee29a3f5e551d5e25f3ede728af3d2d13cad94e32f4bc378ae3d46359314b727d55faa2fc34499af8ca31895d969aa92525e1ab32c77e58fc619f1f0ca3dc393ade09867ce2be1cbcc7e5fb1e869ec73c67dbcbe4751af38fcbea5e738870ac98b9b5ba3f99743dad1cbc76ff4e6b95d767a7fb87399f647b79954560160b1654b160b00b160b00b00b00b6b35be8200084c222ca8454002000c4a88b10d1a5d34b24a318272949d24bab30d9b2308b6fd1ab2cf2f1887bbe0bc071e9d29ceb265fbc61f4f7f73c1e573273f50eaf85d646b889cbdbab399e5e594feaf6a3164d66359213c6fa4e2e2ff00535ce4cfc5c1fc3d9dc313d3cd565c0e51927de0dfa64bdbdc92cb18a5bacd465bac70f88f6ee9272d94ba52e5cdf264864e562e0d8f235a8d3ce7a69b6f76cf4fa9758ca3e4be49e0f451ba5b9dbae6fa5bf24b67e28b916258d213a6a9ab4faa7d19f461b2719b897cdb75639c54c3ccf18e17b3d70f97bafca741c3e6467152e4bb3eb3f0a7cf0f8e2c8f53d55c3c09c7dfb22b1b003000000000101b0d6fa0008213022ca80a8880063200b70627269256df24973766394c445b76bd739cd43e83c0784474d0dd249e6925b9fe45f957ee73bcce5ce73e312ebfafe0fe163194ba1291e5ccbd88c61549984b644306696793a82c708fe6c97293fa4574fb983264d4f0f94f6cdcd47346d2cb8e349c7c38bea8b6c9ccd56af51824a53862c8a550dca4f1aeb69cad3aea5b49b6bd0e450dee6e18e7965bfe1ef8bae497ebd092b12dd2c9d3dc32b291515b66708ab253b4fa3e4cfa756738cdc3e4ddae3389898794e29a4f872e5f2be71ff474fc4dd1b31a709d9f13f076dfe8c27d6f32c00050000b0000006c66b6f002022c21150001524a821c624651ee9ec3f07f0b5cf5135d39625efde478dcfe478fe58974bd5f0e3fef2f4b391e14e56e9b18a55266bb6c88408a4cc550683289539b1a69a6934f934f9a2328971755c034f3fe1dafb38f65e29f22daf8afd0e8fe0dadd29aa4a3bb9b8af0bd814d0d9457265896330aa6cdf84b5650c1c4b06f83f31b947f747adc0db38654f0bb6e346cd57fc3cbb3a1bb70f20065080000008028db46a7d241098422841098405001b386e925972431c7ac9a5f4f7346ecfc3197d7c6d5f899c62fa4a846118c23ca31492fa1cb6fd939e532eeb46a8c3088855267cb32faa2106cc590201168b46692ee29614ce4bca2533853364670aa4057265b15b65862aa6cdd8b5e481f5e9cab2897c9bf18cb198794d762db39c7c37f63aad33e58dbf3ae5ebf0db30a0cdf3582960858000a0000dc6b7d4884261051401116108a1a449587abfc15a5f564cad7c91518bfe697fc2fee793d96dac6a1d0f4da7cb29c9e9e6ce7f2975710a64cd4d910ab326e2d2938369d4924dc5f9e645a72e3c1a2f9e4cda9caff009b2b847ed1a2f92f8ba3a5c30c516a0aafadb727f764f24f155a8cc61e56dd8e1e982794db09962c93c19f73962cfc9bbf87962a705ec9ae685b1a95ba7d5e5dca197138b775931bdf89fd7bafd492beff00569933164a9b33862aa4cd98b0c91b3e9d6f9b6c7a7078e42b2b7e5459d370e6f5b82edb1f1dce69f5bca90000040816016615b8d6fac8319200284105042a0250898ce54cf0c6e5efff000de1d9a68799b94dfd3a239ce7ecf2ce9da755abc35364d9e64cbd8c614b66b996d8846cc5430336ae6e31b49bf35d68c326cc5ca9eb13ee610dc51959b6258cc35e3326146d8290931092aa4cce18cab36c35e4566fc1a3371b8f2f5c7fa17f96747c29fc8e1bbb8ff6b947def10500500a8200a0000dd46a7d841880114002221a424a777806854af24d6e49d422fa3979678dd9733f0e631c7ecba5e9bafc76fe7cfe43d9f64b92a4ba743c5cb299fae931c231f8cf919a665f4630a24cd72db1049828c851303266d1c1f34a9fb119e39295a6a233b4e8ca25295c994a55265849857266c86b944dd0d5911b70fad3b1c8e39f3c7da113a3e17ac1c3f73ef6fa72e8fbbebc4982a2b1001402a0a2821d01ba8d2fb0800a15009808225142d962f6dc270a58717bc6ff0056723cfcaf74ff004efbacc631e3c47f2eb4d9a3297d710cf366a96e853235b6423645162d68b716c27225ac42a932328855261928c8cc954b6650c65166d869c88db0d3923266c89af6d73172cda9d17c5f52924e9249f43eee3765f87f9661e373fa49df79e3f5c6cf81c5b4d535d8f7f56ec7645c38fe4f1b3d59f8e70a5a373e4a2050a214020094280df46a7d81a01516c2a20402a02480f49c238b41638c26d45c1526fa3473fcfe165394e58bafeafb1d78ea8c339f6f44e5693f29347959c4c7ac9ee6bca32f78fc679c8d33ebd37c4323d5c37bc5b97c44b73877dbe4c299c27b896ce89cc96b48b98b291732db2a41c82ab948a299b02a6670c3206d8699459b61ab355964339f4611696247c93ee5f6e0a78b60dd053ef174fdd33dbea37cf9784cb97ff91f0f19c23647d70e48e9719f4e1a7d4a3b4a8368b4a141686d0943684a6da34dbea0014108a0a0150050124498b678cbd9707d4a9e08798fa5fe9d0e63b1d7e3b1dbf53bbcf4c279667952f6a1c9e2385ee866c693c98f72ae8f241ae71bff000319f4abb4dad8e48ee8be5d1a7c9c5f74d76661314cf194de423227902a2f20547e2190839960572915259a3abc7bde2dc9e44adc2f9a46c88a6af285e6c86124d9b61ab253376d234edc9b75636d18e268fe9f4c541f1055867fa7decf47ac8ff77a78fde651fe34c4bcdc91d743f389268a9454428515285028a814da6a7d028a0a051500504140a141282408757816b3e1c9c5bf4cebe8a4ba33ceec347e261e51f61edf53cbfc2d9e333ea5d8cd2395ce2a5dae395c324e661ffc6c873f369dee793149639bf9e2d5e3c9f55d9fba2c4dfd4a423c476bdb957c297672f925fd32e8c4e3fc328cebd4b57c64cc6a5b232827948b65f10c8b0f208f693944399aae26dcbe1e04b2e4eefae3c7ef27fb1bb1c6beb4e59dfc3e1dc36389bc8db9e59fcf91fbf54976329cad8c615edd24cca1264cdd10d7330c93a8ce9ba746dcfaecf2c7ca1f163db69d7b3c326fc792357692faa3e28e36dbaa7a53ced111e5e50c3c4f58a5508f349db7e59d0f5dc3fc2fcd31edc7f75d946e9f1c3dc396d1ec39c2a00a082802805451b28d4df42814541050285028504a2a050a051c4931130cb1998f8ece8b59bd6d93f52e9fcc8e7bb0e14c4f9e2eb3abecb1cf1f0ce7d9e43c59bfae86ee19a4c532ba573a92a92525dd495a25cc2fa9647a182f9259317b425e9fb3b458c98f8c07a6c9db513ffea107fb197941e3fda0f4b99f5d4c97f463822f941e3fd93e1d7f3e7d44d78dca29fd90f383c5ab4f8618d6d845457b77fa9272b588885d133c61265644dd10d794ad94d422e6faff000af2cf4789a2739f6f23b0e646bc7f2fd71a726db6f9b7cdb3dfc63c71a871b9e73394e53f64878d27965fca3464c0516d2850b2850b28a85a50a1650a16534d18370a00a25828582859454528500504145538f230ca2262a596194e3370df8356a5ca7c9fe6ecfea789cbeb66fcb0747c1edff66c59931f75ccf0f3d7961f61d1ebdd8671712cf34612d91f55d864562e02dc52c5961264d232884995b046ec71fe1ae735cda8ab972f0bbb3d0e3f1b2cde67339f8698fbed835199cddbfd17648f7b56a8c22a1c8f237e5bb2b953b4daf9a850a06d0515041400005285028510a69a316ea140a2a050da1286d050da0a2da0a1b4250a051500502616e3cb28f47fa763e7dfc7c3647b87d7a399bb5cd44fa5b9323daa55ec737cee3e3ab2fcaec3aee4e5c8c3ca59679d1f0d3d1f1957ff00531f25f1498984e19133663a72cbe34e5bb1c7ecad48dd1c5d93fa34e5ccd51fba1354bab5fe4fab5f5fb67f47c7b3b4d38feeb379d2f9573f2ffd1e969ebf1c3de4f2393db659fac3d433ce4dbb6ecf4a30888fcaf1b66796737949519309f63684a2a050a00a01514a1b4850da52850051069a30b6d142c2a2d82859428594542ca1454a140a142ca2a25947459f50463eda30e8672ae55baa9be499e7edec74e135772f434f5dbb6fb88f4e86b387546315ce9737e59e072f74edcedd870747e0eb8c1cc9691aea8f8de8c2b7a45e0cf5cb0cf139624a92ae8f9773dfe16fd518d4d5b93edb46d9cef1f88347ad110f02e6e8a8c984fb14128514a140a140a2da0a1b4250da0a140a1b42d0a09428142814be8c1b68505a1402a00a00a01516d28c0540a140a74385e9632dd39fc98f9bf77e0f03bbec278daab1ff00b4bd5eab89f8d9dcfc83d1f129e6c929a856385ac6daa6df7af638acb931ab38caee67ebb0d7aea3c622a1d88e48ce2a4b9a6ad1ed7e25e3e4ca3d4b91afd6638df7aebb5743e0d9cd889ac3db747a67942d2927c9a4d5783e2cfb2d9f16ee0b06349fbf97cd930e5eccb3bb6ad98633fa2ad4c56e75d397dcfd23aecb3cb8f8ce7f5c0f3f1c71dd9787c5547a0f8a60510a142d68a859405a502d94285a8a169428594285942858285a50a1652ea306d00a140140a2a050a051d028a81428a51c62639e518c5cac61397a876f170e4b16d9b7ea6a538a749f84cfce3beec2376dac7f4761d671e74e1ed3d918a4a2924ba24731e733372f62e5961ba38e107c9d7aabad9e96ee6e59e318e3354b18b06ab4ea99a35e7ed9648e972c630db275b5baeaed3f03663e5370c6154351ba5c934bfbb3e8d51e13132c33859a8853f67cd1fa5757c88dba627f870dcfd13af74c7f2aa8f4fe3e0a140a1401401402a050a050da128028510a14528502850297d18db6150b050b050b050b0858285a0a16a282c3a9c23496f7c97a63d2ff008a4739def651ab5f844fb97afd6f12739f2974724cfcdf6e76eab1c7d336466a86e866c8df9fba36c3267c8cce2066c9146d8994530c4d3e5d0d9e492d9921714d7f0f5fa1d67fc7797594ebca7eb9dee38d71e70cd4768e62a89a28285942859428250a0b428594285a50a050a0515028502850297d183651028028028500a820a050a052ed36173928aeff00d9793e6e5f26346b9ce65f468d13b73f17a069462a31e8ba1f96f61cbcb7eccb29fd5d8f1b4c61844432ce4795fabec88a539246710d8cf391b2215448ce114646668ba18fd2bdc9392a58254ebb3ea7d9c5df3af38987cdc8d719e3312a72c29b5f6fa1fa7f13911bb54650e1f93a6756738caba3ea7cf40a0002580a001005005043a00a00a02d31664030008400000082ba5c17e69ff4fee73dff002099ff001e5eaf59ff00ab7643f35d8eaf0f8a266a86d5190d90c99e66702a919c0cf94ce11b57cabe88d73f5547746ec7f4619fea96a7aafa1fa2f453fe871ddaff00eaa19ee4bcb208000000001808a0000040007fffd9, '2012-11-10', 1),
(2, 'Mafalda', 0xffd8ffe000104a46494600010100000100010000ffdb00840009060714121214141214151414161719151718181618191b18181417191818181619181c28211b1a251e181821352127292b2e2e2e17203338332f37342d2e2d010a0a0a0e0d0e1b10101b2f2420262c2c342c2c2c2c2c2c2c2c2c2c2c2d2c2c2c2c342c2c2c342c2c2c2c2c2c2c2c2d2c2c2c2c2c2c2c2c2c2c2c2c2c2c2c2c2cffc000110800be010a03011100021101031101ffc4001c0001000105010100000000000000000000000701030405060802ffc400451000020103020306030504060807000000010203000411122105314106071322516123718114324291a1526282b1153372c1d1f02443535492a2c3d208161793c2e1f1ffc4001b01010003010101010000000000000000000001030402050607ffc400341100020103030204040407000300000000000102030411122131415105132261147181a1063291b123425262c1d1f033e1f1ffda000c03010002110311003f009c680500a0140280500a0140280500a0140533405680501f12c8141662000324938000dc924f21405bb3bc8e550d13a48a79323061f9838a02fd00a0140280500a0140280500a0140280500a0140280500a0140280500a0140280500a014069fb4fda6b6e1f178b752685270a00cb31f4451b9fe43ad0116f15ef76e6663f618638a1dc096605ddfd1951480bd763aba7cab3d5b9853db967b3e1fe077178b5af4c7bbebf2472fc478f5ccb933ddced9186f8a6343fc11954fd2b0bb9ad37e9fb1f554fc13c3ada9ff001b0fde4f1fe4d5271451b2dc48307234cf2ec46f91a5b9d74a5728a2543c11ede9fa37fe0dad9f78d756d80b78ec00d927432023dcb2873cb9eaad54e55df31c9e2dd5a7852cf9756517d9a6d7ec9fdcb3db2ef6e6be448bc2f0a2c1f1555cfc539d813a7223c01e5eb9df22b54a2dad9e0f0e8ce9d3a8a538ea4ba6719393b1ed2bdbb17b5d56ce460b44e57209dc118c11b7d2ab8529c79967e86bbabbb7adf968a8bf66ff006c60e83b3bde7dcdb5c24ad2cf2a1204d1c92b481d3272535fdc719db181b0e95646325cb32d69d1925e5c5c7eb9ff0008e8e5efa2f2763e108a05ce42889e67c7ef3138fc9455756528ad97df068b2b6a35e58a936be5172fd8b03b757f21245fc99eaaa902e3db4f8791f5ac72baab1e627d15bf80f87d6da359b7d56c9fe8d64a9ed7f11e97d37d5203ff004aab57d3ea91aa5f852dba4e5f6ff46c6c3bcae2512852d6d3e3f149132b1f998dc2fe956abf8f5461a9f84eae7d1517d51dbf65fbd1b79cf8774059c9d0bb8313fb2ca7186fdd6039ed9ad54eb42a7e567cfde7875c5a3c558fc9f43be0d9ab4c45680500a0140280500a0140280500a0140280500a0140280500a0140731db5ec45bf131199b5a4911cc7221195c90482181560481b114253c3ca228ed67626eb87a78acd1cf6e19135ae5241adb4a968ce41dca8f2b75e5582ad9c70e5167d6d87e25a9aa34aac13ce1656df6394bb445d5294d4ca3e7cbd33b0ac945ce58a69e11f417f4ede8c6577386a925f3fdf65ee68789715931a778cf3c0c0c03cb3d73f97cabd3a56d4d6fc9f1b7fe2d753f463cbf65b7feff00634cec4ee77ad6925c1e24a4e4f2cf9a939140280fa0d50d6494dadd1b2b1bdd674cad91d0b0ce3f8810c3e79acd529695982fd0f56d6f1d4968b896574724de3eab0d7cf3f437d68e6338918e0fdd248653f27c039f63fad79f562a6b305bf5e8ff0043eb2c2b4ad66a35e6f4bfcbba947e92c673ecfee6c6b11f47932784f069af98c56d178bbe9766da24ebf11f047f08c9f6ad942da6da9708f9df16f1bb5a5174b0a6fb74fa938f77fd96fe8db510190cac58c8c770a0b63cb1a9274a0c7d773d6bd63f3e6f2f274b420500a0140280500a0140280500a0140280500a0140280500a0345c5bb530c25d1754d2a2ea68e3d3e407919a46223841fdf65ce0e3340707daeef24c214bca6257c9416b1895dd700ab89ee5563d0411ba46e33901b6a948113712ed43dedca006758b564a49732cda883a816d442f31b055005555f6a527ec7a1e150d77b497f72fb6e7cf1794c7990b67a46b8d8123766f53cff4af3ed929fa12f9b3eb3c6a73b76ebce59e908f44f1bc9f76ba7639491c924939279d7b0924b63e1252726db7967c549c8a0140280500a033f87dfe8f2b8d719e6a7f98f4359ead152f54767dcf46caf9d1fe1d45aa9be62ff75d99bee21c4446f0b347e2c07ccc81d93c41fb3ad7ccbebb563b3a4b32d5ca3dff00c437b53453545e21259caebedf426eec7f7896a6d50b5b35a40815352059608cb725668b263fe355e7bd6f3e40906d2e92545789d5d186559486520f5046c45017a80500a0140280500a0140280500a0140280500a0140280501a8ed3f10b686ddcddc9e1c4c08275b2b1c296210c64396c027cbbec680f3d769bb7f6eabe070ab48ede256d5e33a0795980d3ad75ead2d8246a396df98deba4811fde5d3caed24aeceec72ccc492c7d493ceba48832383ce125566e5b83ed918cd5371073a6d23d1f0ab985b5d42acf85cfe838adf195f3c80d947a0ff0013516f4553860789f884ef6b3a8f8e8bb2ff00b9306af3ce32f8770d967748e14677724281d481938276d86e7d2b994d456592a2dbc23b9e13dd0de4abaa568e0fdd625dbeba3207e759a77905c6e688db4df3b1b94ee4fd6f7f2b7cff00d5aa9df7f69dab4f72edef72a87fa9ba65db93c61b7f9ab0c0fa515f3ea89769d99c6f683bb8bdb51abc313a7ed4397c7cd70187cf18dab453ba84fd8a27427139065c1c1d8d68452054926cefee95e0840e6ba811f2c6ff005acb4e9b8d5937d707af79770ab65429ae6394d7e9fb96b83f199ed5fc4b695e17e44a31191e8c3930f635a1a3c7258ec871a59878f0cc6d651bcd2c28b803abde590f2491e719b88f4f3f304c5718249c7866bf0a3f1591e4d2353202158e372a09381f5a032a80500a0140280500a0140280500a0140280500a0140713da3edaba4c6d6d216967dd4165382f83908995d617ca59cb2a0071a89da80817bcbe30669cc66513b467cf203a94be00658d9864aae31e50884e4841ccf49038daec8140280a8a804fdd91eedace0449245fb4bb2ab664034ae403e58f97e79af2aadccdbc2d8f429dbc52cbdce821e087ede6e1b4f86902c30a8fc04b1690e31819c28fcf975a9d4f469f7dcb543d7a8ded54582805014a022fed0776c9737f704078924896659542e8598b10e8cbccead9f6c7ceb742e74d3463950d536447c7385bdacf2412635c6da49539076c823db0456fa73d71ca324a2e2f0cc0aece450195c2f88496f2a4d0b9492360cac3a11fcc1e441d88241ae5ac8279eedbb68d346ff65875941aa4b2f1154a124fc4b367183112778988d19d8e300f04929706bc79a1492489e0761e689c82c8412304aec7967e445019b40280500a0140280500a0140280500a0140280d2769f8e7d996348d449733b7876f19d833e3259c8e51a8f331f41b6e450116f789c57fa3ada586298c9793e05d5d1ddd99fcde045bfc350a49d2368d4aeda9c1a904155d902a40a01400501e83ee7f8b78fc3d5198b3c2cd19cf3d3f793f438fe1af22ee1a67f33d1b696618ec771598d0733dbded57f47431ca1049ae558c8ce3cb866623df0b81f3aba852f31b45556a68593a6aa4b4d2716ed2241776d6a5497b8d582392e91b67d7276ab6349ca2e5d8ae551464a3dcddd54586afb4dc656ceda5b87df42ec396a63b2afd4e2aca50d7248e2a4f44727982feeda691e590ea7762cc7d4b1c9fa57b518e160f29bcbcb31eba20500a0363d9fe246dae23955de328d9d519c32e76c8e8d8ce749d9b183b1ae5a07acbb1fc665b98be34451d74f9c0f8532b0d492c0d9dd194838e6a4e0f2cd7049bfa0140280500a0140280500a0140280500a0140693b4dc49a2548e1d3f6899b445ab7540066499c7ec22e49f52557232280f2df6f38d8baba6f0d99a18f291b37de93725e67e5e791896270362a300002bb481ce57440a014028050133770b6d22c772ec0889ca04279164d7af4fafde519f6af3af5aca36da27b92b560361c7f799c116e6de3692458e2825134a5b56f1a821c2e9df510761d6b45bcf4cb6ea515e1a96e60ffe7cb9cf883874a6d4ee1c3a994a93b388b19f7c7a6f9a7950fcbaf73acd4c6ad0f07dc9c31389ded9dfc32a98200432ee1fc4462caa571e520919cfa7be6a757950707cb38d3e64d4970777598d044bdfdde304b5887dd66790fcd02aafe8edf9d6fb28f2cc776f8443b5e8988500a0140280f4a7713c4e46b316f20256351243260e0c723383193cb52488e3e447bd54c924ea0140280500a0140280a5015a0140280500a014047fde0da883c5b9695b5ce8b68b938582001a6b93191bea68e373ab9e5571cb1407992f90ac8e080a433020720413b0f6156220b1520500a0140499d83eebdae1567bc2d1c4775880d2ee3d589fbaa7f323d363586bdd69f4c793552b7d5bcb8269b2b44891638955114615546001ed5e73936f2cdc924b08bf5049cff6eec1e7b378d13c43aa3629d5d63915d9467a90bb55b424a33cb2aaab31d8e7edbb6166d1ea69922233aa39085910af3529cf20edb66aa95b544f18c9e846ee8b8e738f6ea6c3b051b192f2608d1c33488630e85198a4615e400e08563ea3a135755da318be51872a552528f0cec2a93b395ef17b2ffd216ba170268ceb8b3c89c60a1f661fa8157dbd5f2e597c14d6a7ae3b1e76bfb1920731cc8d1baf356041fd7a7bd7af19292ca3cd69a7866357440a0140280f44ff00e1db8c789652db9c6a824d43fb136e3aefe60fbfb8aad924b3500500a0140280500a0140280500a0140280501c0f6f786cb35d405d47d9d7c1893704b4b73751094e8e816047dcff00b43ef40798f883132c84f32ec7f363562e0831ea40a0140771dd2f6785d5e0791754500f11b3c8bffab53f5cb63f76b2dd54d10c2ea5f6f0d52dc9df8c5d186de695464c71bc806339288580c0e7cabcb82d5248f424f116cb5d9ce206e2d6099b4ea922476d3c83328240f91cd4d48e9934212d514cd9570745280b2f671b10cc88483904a8241f5048daa753ee46945ea824ad0183c638a476d1f892e74eb44d864e6460a36f99fcaba841c9e11cca4a2b2cc1ed5765e0be88a4c835e0849001ad0f4d27d33cc7235dd3ab2a6f28e6a538cd6e79ab8af0f7b79a48641878d8a37a64751ec798f635ecc24a4b28f324b4bc3312ba391402a1827deeb78225bf11578f6596dae108f373b79e050dbfa8236f5cd70c9265a80280500a0140280500a0140280500a0140280d471ee0c6e5ad4f88d1882e16e085fc7a11d421df604b8279ec31ee00f24f68ad91245311ca34684e3909340f1173ea1b3b74cd77106aaba20500a0261ee0a61a6ed3f16626c7b61c7f3af3af96e99b6d1f24b2ea08c11907620f5cfad60ce38361c74bd939ed497e17308c1dcdbcd97849c93e4fc51f33cb9fb568f3a33daa2fa943a4e3bc1fd0e6388f7a57968fe15d58a2c839f9d9437ef21c1057e44d5f1b484d66322a77138bc34627feb549fee89ffbadff006d75f02bb9cfc5bec5c1df637fb9ae7afc63fa7c3a8f81f727e2df632a2efaa3db55a38f5c4a0fe595151f04fb93f17ec665977bf14a4225a5c34ac405452ad93d77e7fa572ecdadf24aba4fa1bf1c32e2fa48a4bc558608d84896eafad9e45dd5a77000d23f606771b9e954ea8c1621bbee59a65369cb8ec7595417900f7d56c1388e47fac86373f31a93f920af56cde699e75caf59c0d6b338a02aab9200e676fcea183d41d8de1ce6f04e83fd1d3fa422073f89af5400073e511dff0076ab2490680500a0140280500a0140280500a0140280500a0226ef3bbb36bebab56b6558e3d0f14acba408f05a48db464641776ce9df7cd4a60f3f710b2786478a4055d18ab0391b838ebd2bb4c831ea40a03aceecfb42b657aaf21222914c4e73b286208723d0103e84d67b9a6e70d8ba8cf44b2cf4746e180208208c8239107a8af1cf4cfaa03078c70986ea2314e81d0f43d0f42a46e0fb8aea13707947328292c322ce39dcd36a66b499749e492eac8f51ad41cfb6dfe27742f76f52324ad5ff002b3999fbace22a4e2247c0ce5654dfd86a20e7fc6ae5774fb953b7a9d8d9f03ee82ea4606e59204ea010ee4677c69f28f993f4ae277914bd3b9dc6da4f9259eccf656dac534c098638d4edbbb63d5bd3d8607b560a956537b9ae14a30e0ddd5658280f3c77bbc5167e22fa08222558723ab2162df93311fc35ebdac1c69ee79b5e4a53d8e2ab4940a03a4eeeb859b9e236d1804f9fc43819da2064dfd012a067deb99127a83b0bc3a5b7b1822b8c78c033498c635c8ed2372db9b1e5b5700df500a0140280500a0140280500a0140280500a01402808d3bd1ec5c131374d13386511ce625d52201f72e2351bb321c065fc484f55140419da5ec65c5931126194e931b0c8f151feeb4618649f551e65ea31bd76a40e73153920a5483bcec077892591114daa4b6f4e6d1fba64eebfbbf97be4ad6f19eeb93452aee1b3e09a384f69ed2e4030dc46f9fc3a82bfd51b0c3f2af3a54a71e51ba35232e19b706ab3b2b4052805015a0294046fde1779296e1a0b465927395671bac5d0e0fe293db90ebe95b2ded9cbd52e0cb5aba8ed1e4839dc92493927724f324f327debd34603e6a4172de06765540599885503992c7000fad43609e3b89ec89865b8ba6f32e91044e31a5d837c729d74aba04071be0915c364933540140280500a0140280500a0140280500a0140280500a0140635e58452e8f1235731b8910b28251d793293c987a8a038aef2b84f08280f10091bbe423c6a7c6240c6574292f8c83b8239669c1318b93c2e4877b530584ae1b865b49108db77695809746c74c672cb9c73d49cf95513b9841e19eadaf835cdc53752296167aeef1ce0d24f7b70ca885de4cb948e3744957243200aafab2dbe067277ce73bd771a9aa4d2c1456b354a929cb2b2dae161a5db7e499387f72f6af62b1dc796edbced347b6873f8153ee98d796303382723a5b9301cbbf6623b29163bbfb570fd27c9736f339b694f20497d4626200f2b1f5e98acf514d70932f8383e5b47570706ba600c1c5a468c8e661b797391cc38033589ce2bf343f735284ba48ca9384dff0035e20bb746b44d3d79e1c1cee3afe11ef9853a7fd3f73ad33feafb1a1e31da0bcb53a52eeceee6e5f6710c8242c7905585d989e4307037aba14a33fe568aa55250fe64cdbf0fb7e3b7103394b3b47db423abb3367ab10ec131e8413b6e2ae5694d14bb9990d76878ef142f2c57134d9463148aa74aea43b8223007be7aed572a74a3d0e7f8d38b92cb5f639748988240d873f6ff0038abca0cbe17c1a7b938821793d4aa9c0f766e4a3dc9a8c836d6fd8f94c61e4d69999610444ef1f9b18612a655b272a15751c8df037a8d449267667bb69adda1c44eb34bab33129fe89111867383e6b96190a06563d5d4e58c64134f0fb2482248a250b1c6a111474551802a019140280500a0140280500a0140280500a0140280500a0140280d176cfb469616cd330d4e7c9127fb495812a99e836249e801a86d2596774e9caa4d420b2df079def78b3decd24b7419dd8e0965f228500e841921107a75e677cd79f7139bc38cbe88fb2f08b7b7829d2ab49ff74a49632b769f64ba1836d24786580a2b838e43cd81e99e5bf3f9d7138cf5275536bf6345bd5b654e54ec6518cfdff9b1f55fafd8ddf769086e3164b210c8865d2c46cd2ac4cdcf2770d839f515b686377c37d0f99f1475169837aa31ca52c632ff009babcefd4f4c55e790637119e28e3769d9162032e5c80a07ef6adb14079c7bc2ed2d9e15786dabdb07f88b3ab3c21d7514ca431b6304a11a9803b7214c27ca2536b82df767c62de59bc0e28b24d1c9e5491a798a2316002ca81f4e924e3574246763911a62b841c9bea7a378570782d9745bc31c4be88817f3c0dea4833a8084bbece0463bb82ea22144ff000e518d8c912b3231c73257239fe01545c28e87268f5bc1ea56f898d2a72c65e77e3293c648f6e625c0631877079a61486076df391bfceb0d29c94b0a585ee7d55f5bd1950d752929cf8cc311df38ef9e7e6481d8aed4a4b3dac1c4e249b4b32db5c4da33131d2551d7ee924a0024ceace07bd6ea5594f6cee7caf88f85d4b5fe261a8b7d7195f3c37f47d49b740db6e5cbdba6df99abcf24ae280ad00a0140280500a0140280500a0140280500a0140280500a014042bdfbcd235d5ac68701627937074f9e45424107760177f40def54d694547d5c1ea78552ab3aae549aca5d7b36b2fe8b9f623a92e9d3195560d93a810ab8c679927db7ac0a94269eed63f53eb277d716f28a9463252cbd4b118e31eeff0056d71b24605d4e92e9418552fa9d8b0d89cb1d39c123df972ad1084a199bdde36479573716f75a6843118b966526d73cbc671b7be31c60d8081d6589e295a311fc48cae9f23ae34e9db7db277cf2aa69dc684db5ea375e7847c4548538cdaa5878e309ed84babcf276a7bddbf8230b225a48f90048c245c8c804ba29c679f223e55b29575516c99f3b7be0f52d2494e71c37b73df19e3a75394e3dda5bbbc7325cccb344a0baa21d31291e88010c4636d449df9d573abad69594db35daf87ab7a8eb3d352118b79cedfb6ed763afef4786f0eb6b6e1f05d24e6e520550f098c1d098d4242fb1059988c0ce41e59df59f3cde5e4dd701e05c3d3b3f753daabe99eda62f24c15a4cc41c0047ddc2baec063903cf7a10737d8cef3a6b264b7b86171000832c409a207030a7fd60006749f36e003d2a8a755b59923d5bbf0f8d3a9a294d3692ca6d2797d17764a361de570d946f72b09db2b303136ffdb001f982455ca49f079d568d4a4f4d48b4fdd60e07be3ed45bdec5045692099a39bc6675d4230a88cba7c4e4492dd09e555d49c52c366bb1b5af3a8a708ecb7cbd96deff00623eb22a63049d39249058ecc1b575f435e755d6aa6cb3f4f63ecec3e1e5669ce586db6f32e1a937d5f47faf52d5c46c63918b9c60b28c0cf94794820edf741fad7719c6338a4b7ffb267b8b7ab5ad6ad4954cc1e5a5859d96cd3e99c6763d47c06e1a5b68247c6b78a376c72d4c809c7b64d7a67c299f40280500a0140280500a0140280500a0140280500a0140280500a0208efb38bdbde5c4115bfc59a032248d8f860385caebeae0807cb9c64f5daabab38c6396cdfe1f6d56b555184739cadf65c6fbfb11dc1c31d5c2b6974c138dd5720a8c9006e71eb59257107072594fee7d0d1f07b8a75e34aa25286338dd47a2cb496efd8d85f4f1a60be9d408c038db51d39f973fcab3518549e7193daf11ad6741a75145c93584fdf6cfcbfd1f12a44cc252fe5c601d640d5eb9079f4aea33a918f9696e535a8d955a8aee753d3c2c49a59cf39cfd0c9cac80107500430c7a8e5fcea9f5536d3db27a0dd0bca719c5ea5169ac775d0b307121952a85cac8a74105750465660c48c0ce18569a74bcb9a949ec78f757cef2de76f422f53784b0d6dd739d97546ffb6fc721e2cd03dcc1736af1e518c5e1dc2942c0ed97421b9ef83cf91adaae293ea7cbcfc16fa1cd37f4c3fd8e8b8a76d6c1384bf0fb28ee35184c28af115fbe70ceec3cb9dd9891d4d77e64719c99958dc6b507079f9323e8ef1353fb69cecdcf1f2f4c57972a73d2bebd4fbaa17d6aaacfb6239787bbfd3b63e67c0b25f1093ab1a411e76e7a98b75e5f776e553e74fcb4973f2398f86dbabb73967184d7a9f396df5e38db8297999094f0f52829bf976dc139c9cf23d054d2518253d587b9cdfcaa5cce76ea96a8a71df2b6ceedbdfb7631f88594790b1e94908200c6cc0e363e9f3ab2855a98ccf7464f13b1b45354adf11a8d3db194d767dbd995e116af70e902108d33a42155318691b4b960773a577c822afd09cd6d9f77f63cb95c4e9dad4f52870b44563d4ff367397b25d3b9eafb1b6114691afdd45545f920007e82b51f3a5fa0140280500a0140280500a0140280500a0140280500a0140280d176b3b3ed7d1ac5f699ade3cfc4f04aab48b8d975904a8f973e46808c388f718e8755a5d8603eec73a9037e7978cfff001ae6515245f42e254a49add2e8f38fb3469b89f61b8a420ffa3ac807e285c49b0cfe062ae4d63f8159ce727d2afc51370d3a545f7e70be595bfd4e462b8232937df523e1b2f86e0a9c8243b0cf43f5ae2745c25e958f7e51a2cfc4615e8e2bc94da6b11da32ca794f2e586ba97eda769158142a3ccb9f2e362401b1c9aa6a41529269f6d8f52d2eaa5e5294254f0bd4b3e9c2ddac72f7f7e3224b9119540ac7a1c29e8b9dbd68a97989c9bfb9cd4be56738508d36fa3c479c2e9dfdcbfa761a494df3c867cdd370464935527ea795a8dce9a7496893a69bcbd9672fa6f9e596add19465e438058efa718c9c1240cf2c1e756549293d318f632dad2a9469f995aabc272db31c632f0f65db7e4f886389d8b019f2af353b6e4e41239effa57539558c74b28b6a1635eabab08e5695b61f76f29f57ed9e87d5b4e0b3615c12db920e32140dfd3602b9ab4de95bad9772eb2ba83af3d30927296ef0f0b092dfb7c8b8d6aa64d4554f940048077c9cff215c2ab254f09f52f958d2a976e73827e95fae77cfd12c32df12ce83a58293b1db739db6c1e7ef5d5be1cbd4b382af16528d07e54945bd9edbbe9b6fca47ccf3787e691833283a428d39ce072c9ea2ba847ccf4c1613e4a6e2b2b4fe25c4d4a514f4a4b19cfd5f632fb3dc55ed6f56f210afe19d25081f1108f88149dc380763d08f4c8ad346a7949465ffc3c6f11b377f39d7a2d6d8c2c635616658eed707a2bb37da5b7be8c496f22bec0b2e46b8c9fc322f353fe1b56e3e51a69e19b8a10280500a0140280500a0140280500a0140280500a0140280500a014052808b38370e86f1efe69e28e5596f24542ca0e63802c2b8c8db746e5586eaa3535a59b6de9a70dd159fbb9b039291bc44eff000e59140f92ea2a3f2aa3cf9be77f9a3543553ffc7271f9368d2df776073982e986325566412632396b52a47cf069e641a69c79ec6a85f5d41c5ebd5a78d4b38e9cf26838977777e7f0dbcd8c1f2caebc8e482ae3193b8ab29ca9c3f2b689baf10ab72979d04f18e1bc6cfb71bf06b1787cc8cd09b499590296448fc40a24c95feab3b1c36fec6aa9519b7ad4933dab7f1bb254fc970705bed8cadfe5fe8c1bc9658b0a6095154aa967474cf4c7997e55646db566527bbcf05157c7e34dc69505e98b8acbdb2bf4fb9f307118b72591493fb637d80c9d87a63e954ce84f6c26fe87a56de2b6925272946197fd596f6e78e4b114d1876f8cc756900820e719f28c0f7e9fb557ca33704b4773cea7716b0b8a8ddc3dd4774f9e76e3f6c725eba42658c7c7d4da82288dc3336c34c634658e7e7534a94f435a5155e7885acee233f3a5849f1d38c25b75eb9c9d5f0eec2f119c605b346bb79ee1d63e4799550cdd3f66a61692d5a9b4bd915dc7e21a4e979518ca5ef26937879e88eb786f7308ce1ef6e1a4c728e10635f70ce49661cb969ad54e9469ac23c1bdf11ad7753cc96cfd8ef7b35d93b4b00ff6584465f1adb53333609232ce49ea6ad3037937740280500a0140280500a0140280500a0140280500a0140280500a014046fdb45127148124b7bc70b6d2189ad64f0d998c917887509148551a41c903cdd76a0390978f5859130c57fc420743bc724505c202c75b03a46e496dc87ce7355ce8c27bb4591ab38f0cc81de644a001756b31e5a9a2bb839f52ab1ca063d8efed543b38f465caea5d51b587b6bac652e38515e9aef2589beaaf6e08a8f835dc9f8a7d8dada5e5e4dbdb9e1970b81fd5de3b60e403b884e71bfa7f753e0d7723e29f6341c3b8bdea713bc80da2dc388e26716d2821081e5d4f3681b86e580723e7533b5cc524f811b9c49b68eb23fb730526c428e655ae63d439e3650549ce3af5e7d2b8f847dceddd2ec592f724a893873824f3335a95cfb1328279fa669f093fea1f131ec571c4093a2cadce0f5bc008f98109c1a9f83ef239f8aec8e7bb44b709c4386dccd63705607943088c73e75c648d0a8dab2346adc0d8753b55d428ba794d9556aaa78d8eebb2fdb6b4e20ee96ad23145cb130c8aa37c692cc31ab96d9cfa670717949d2500a0140280500a0140280500a0140280500a0140280500a0140280500a023eef7bb4771691c11db3f84f3b3832e90c5446a0e95cec19b3ccf407155d59e88eac64d9616aaeabaa4e5a739dd917406f3897c3b8bc91e084ecc028918c8be643201be30320e798fa4d29b9c72d609f10b585b5774e12d4bbff00db1bce1fd94b487eec2a4f2cbf9cff00cdb0fa576623631f0e894e5628c1e5908a3f90a035bc53b2b6b38c344aa7a3200847e5b1fa834058b359ac4a99228b895aae3293448678d57918a4237c73c1f4c0039d014b8ef0a2b5bb76e09023add4285e2f04a787321700e94c670a7cc079791079d4832953895cf9af6fe65c907c3b76f09463a1640323dbf5a805c1d9cb6c79a3126f9cc85a439f9b92680a3766edbf0c4b19e8d1e6361f26420d014e24b7eb6d24305dc922380a639ceaf286074a4a30ea08054e49c83cc73a0337ba9ed5dcbddad9b63c30926a88451a7d9cc606ebe181e42485df56750dfd6b8ca4e4d35b7435d6a5415084e9cb3279d51edeff002266ab0c8280a6680b17f78b0c6d23e70b8e43249270001ea4903eb405387de2cc81d41032ca41c6432314607048d9948c8246db5019340280500a0140280500a0140280500a0140280500a014072dde04a7ecb3a0b75b83e048eaac1186a5538f864ea639c1d87d680f2ff08ed3dcdb2e98e4f20e4ac03019f4cee3e95de3241bf83bc9980f3c31b1f50597f4dea34927c4fde4dc13e48a251ee198fe7a87f2a6906249dbfbc39f320cfa20dbe59cd3483116e6fefce8533cf8e6b1a3b0033cd9625feea6c81d670feeed92dfc5135e4779825512c2f820f44320841c9f5031bf5e750d835f71da3e2968aa6e607453b0335bbc7ab9f5c2efb1a6c0aaf799275813fe26a60188fde35d744847f0b7fdf53a418571db8bc6e5285feca28fe60d3081beeedad3894b74971178c6276d32bf892289028231e5911a4c72c02719a8609eb8743307ce9d811b9799c618731995863d41f638e46a01d1c6b81fcfe7d680e2388ddf8f24d2eb2821d69091f783ea681420604788f2a4a09e7a1500c067c8189c578eca2100f9da65370e851582c73126180ab0237862957ddc0f5c5016b87713b89160459bc13188e19846b1040e9a23970a5081891e4e58005b631e6a03b7ecdc9235b44d2b1662b9d4400cca4928cc0000315d248006f9da80d9d00a0140280500a0140280500a0140280500a0140280d1f68bb362ed91bed173014565f81288f507c7de3a49db1b608fad01a5e21dd8f0a76324d016638059ee27c9e809264dcfb9a0319bba0e10795bb0f94f2ff7b9a641f12773bc249da171d702693a73e6c7fc9a9c83e6c7ba2e168eaeb1b3107500f26b53ec55810c3e62a320eb63e0c88aa80ae0640cc50f5046c15001f41d280f99f86a312bf07d029881c02002bb30d8807ffc18a02f4f6258282cba46c00f106dd305641be4039f4c8ea680d4716ec4585da32341160b97263cc64b1e65cc646a39df7a03510774bc3d33e18652d8e6b0ca3cbfb22e22900ebef4c83a8e11c0208134469160647f550ae3273b88d1473a03263b59467cd0f2c2e21618d8e73f17719d271b7223ae4017ad2db48f304cf32513402718ce327a0039f4a032a80d32f67e35b896e1153c4755c641c0750e0bf3d8b06009001c2f5cd01830765028c28b65194600432e0188a94c7c7c000a2e00006dcb9d01f379d9f90b1658ad9d8b33379e7843ebd3ac4814b8707483a58104fd680ea00a02b40280500a0140280500a0140280500a0140280500a014059b9b75906186d9076241c8f420e4501625e171b1c907fe261c863a1ff381e8280a41c2a35c6c4e0e4649dbcc5c6067a12680fa6e1b195d241c6fb64fe2209ebed407c1e111673a7fe66f97afb91f534055f8621393ab3956fbcc374185ce0ef8c93be77dfd280f93c223e808fe23eb9ea7fce07a0c01f7270b89b195c81b0193803d00cf2ffea80f8fe8587f67dfef3733d79f3a02eb70f42c1b0720961b9e6c304e338dc5017e088228519c0d86493fa9a02e500a0140280500a0140280500a0140280501ffd9, '2013-05-02', 2);

/*!40101 SET CHARACTER_SET_CLIENT=@OLD_CHARACTER_SET_CLIENT */;
/*!40101 SET CHARACTER_SET_RESULTS=@OLD_CHARACTER_SET_RESULTS */;
/*!40101 SET COLLATION_CONNECTION=@OLD_COLLATION_CONNECTION */;
